product,descriptor_type,descriptors,sentences,n_keyword_hits
Acidophiline,dessert,['sweet'],"['the sweetened acidophiline was widely produced in the ussr, among other fermented milk drinks, such as kefir and ryazhenka.\n']",1
Amasi,breakfast,['porridge'],['this thick liquid is mostly poured over mealie meal porridge called pap (xhosa: umphokoqo)'],1
Amasi,snack,['snack'],"['a staple food in pre-colonial times, it is now a popular snack in south africa, zimbabwe and lesotho.\n']",1
Ayran,bread,['bread'],"['ayran is served chilled and often as an accompaniment to grilled meat, bread or rice, especially during summer', 'it is enjoyed alongside bolani, afghan flatbread, and other picnic foods.\n']",2
Ayran,breakfast,['breakfast'],"['in balkan countries, the drink is usually consumed for breakfast or lunch, usually combined with pastries like banitsa, börek or other pastries.\n']",1
Ayran,dessert,['pastries'],"['in balkan countries, the drink is usually consumed for breakfast or lunch, usually combined with pastries like banitsa, börek or other pastries.\n']",1
Basundi,bread,['bread'],['it is often served with puris (fried indian flatbread).\n'],1
Basundi,dessert,"['custard', 'sweet']","['different styles of basundi are also prepared, such as sitaphal (custard apple) basundi and angoor basundi (basundi with smaller kinds of rasgullas).\n', 'it is a sweetened condensed milk made by boiling milk on low heat until the milk is reduced by half', 'basundi (gujarati: બાસુંદી, kannada: ಬಾಸುಂದಿ, marathi: बासुंदी, tamil: பாசந்தி, telugu: బాసుంది) is an indian sweet mostly in maharashtra, gujarat, andhra pradesh, telangana, tamil nadu and karnataka', 'it is a sweetened dense milk made by boiling milk on low heat until the milk is reduced.\n']",4
Bhuna khoya,dessert,['sweet'],"['khoa is used as the base for a wide variety of indian sweets', 'khoa is used in various types of sweets: \n']",2
Booza,dessert,"['dessert', 'ice cream']","['it is traditionally made through a process of pounding and stretching in a freezer drum, instead of the more usual churning method used in other ice creams, leading to a creamy yet dense texture', 'in al-hamidiyah souq in the old city of damascus, there is an ice cream store named bakdash that is known throughout the arab world for its stretchy and chewy ice cream', ""booza (arabic: بُوظَة, romanized:\xa0būẓah, lit.\u2009'ice cream') is a frozen dairy dessert""]",4
Borhani,snack,['appetizer'],"['it is normally drank after heavy meals such as biryani,  morog polao and tehari to aid digestion although appetizer borhanis do exist.\n']",1
Bulgarian yogurt,bread,"['bread', 'sandwich', 'spread']","['strained yogurt is also enjoyed in greece and is the main component of tzatziki, a well-known accompaniment to gyros and souvlaki pita sandwiches: it is a yogurt sauce or dip made with the addition of grated cucumber, olive oil, salt and, optionally, mashed garlic', 'the consistency of yogurt allows the mold to penetrate deeply under the surface where it spreads.\n', 'it may be used for sandwiches in middle eastern countries', 'in the summertime, yogurt and ice cubes are mixed together with cucumbers, raisins, salt, pepper and onions and topped with some croutons made of persian traditional bread and served as a cold soup']",4
Bulgarian yogurt,cooking,['sauce'],"['strained yogurt is also enjoyed in greece and is the main component of tzatziki, a well-known accompaniment to gyros and souvlaki pita sandwiches: it is a yogurt sauce or dip made with the addition of grated cucumber, olive oil, salt and, optionally, mashed garlic', 'even the leftover water extracted when straining yogurt is cooked to make a sour cream sauce called kashk, which is usually used as a topping on soups and stews.\n']",2
Bulgarian yogurt,dessert,"['cake', 'custard', 'dessert', 'sweet']","['the east indian dessert, a variation of traditional dahi called mishti dahi, offers a thicker, more custard-like consistency, and is usually sweeter than western yogurts', 'yogurt is common in nepal, where it is served as both an appetizer and dessert', 'either may have fruit added to increase sweetness.\n', 'sweetened dahi (mishti doi or meethi dahi) is common in eastern parts of india, made by fermenting sweetened milk', 'there is concern about the health effects of sweetened yogurt due to its high sugar content, although research indicates that use of sugar in yogurt manufacturing has decreased since 2016 in response to who and government initiatives to combat obesity.\n', 'in western indian (marathi and gujarati) cuisine, strained yogurt is macerated with sugar and spices such as saffron, cardamom and nutmeg to make the dessert ""shrikhand""', 'lassi is a yogurt-based beverage that is usually slightly salty or sweet, and may be commercially flavored with rosewater, mango or other fruit juice', 'an unsweetened and unsalted yogurt drink usually called simply jogurt is consumed with burek and other baked goods in the balkans', 'in the early 21st century, yogurt flavors inspired by desserts, such as chocolate or cheesecake, became common', 'srikhand, a dessert in india, is made from strained yogurt, saffron, cardamom, nutmeg and sugar and sometimes fruits such as mango or pineapple.\n', 'lassi is a common indian beverage made from stirred liquified yogurt that is either salted or sweetened with sugar commonly, less commonly honey and combined with fruit pulp to create flavored lassi', 'large amounts of sugar – or other sweeteners for low-energy yogurts – are often used in commercial yogurt', 'in many countries, sweetened, flavored yogurt is common, typically sold in single-serving plastic cups', 'plain yogurt still proved too sour for the american palate and in 1966 colombo yogurt sweetened the yogurt and added fruit preserves, creating ""fruit on the bottom"" style yogurt', 'plant-based products also vary considerably in their nutrition and ingredients and may contain gums, stabilizers, high-intensity sweeteners, and artificial colors.\n', 'sweetened yogurt drinks are the usual form in europe (including the uk) and the us, containing fruit and added sweeteners', 'to offset its natural sourness, yogurt is also sold sweetened, sweetened and flavored or in containers with fruit or fruit jam on the bottom']",20
Bulgarian yogurt,snack,['appetizer'],"['yogurt is common in nepal, where it is served as both an appetizer and dessert', 'common appetizers are spinach or eggplant borani, mâst-o-khiâr with cucumber, spring onions and herbs, and mâst-musir with wild shallots']",2
Buttermilk koldskål,dessert,"['dessert', 'sweet']","['the dish arose when buttermilk became commonly available in denmark in the early 1900s and was eaten chilled most days during the summer as a dessert or snack', 'buttermilk koldskål (danish: kærnemælkskoldskål, often simply koldskål – literally cold bowl) is a sweet cold dairy beverage or dessert eaten in denmark.\n', 'the earliest mentions of koldskål are from the 18th century, where the term was used to describe a sweet beer-based gruel, however this dish is not commonly eaten any more']",4
Buttermilk koldskål,snack,['snack'],['the dish arose when buttermilk became commonly available in denmark in the early 1900s and was eaten chilled most days during the summer as a dessert or snack'],1
Clabber,breakfast,['breakfast'],"['in rural areas of the southern united states, it was commonly eaten for breakfast with brown sugar, nutmeg, cinnamon, or molasses added']",1
Clabber,cooking,['cooking'],"['according to joy of cooking, ""clabber..']",1
Clotted cream,bread,"['bread', 'spread']","['traditionally, there are differences in the way it is eaten in each county: in devon the cream is traditionally spread first on the scone, with the jam dolloped on top', 'one variation on a cream tea is called ""thunder and lightning"" which consists of a round of bread topped with clotted cream and golden syrup, honey or treacle.\n', 'in a bbc report, local historians claimed local workers were drafted in to help with the repairs, and the monks rewarded them with bread, clotted cream, and strawberry preserves', 'cream teas, known as devonshire teas, spread to southern australia as early immigrants from cornwall and devon took their traditional recipes with them', 'in cornwall the jam is spread first with a dollop of cream']",5
Clotted cream,dessert,"['dessert', 'ice cream', 'sweet']","['it is used throughout southwest england in the production of ice cream and fudge.\n', 'clotted cream can be used as an accompaniment to hot or cold desserts', ""in the early 1980s rodda's signed deals with international airlines to serve small tubs of clotted cream with the in-flight desserts"", ' it was a common accompaniment to junket, a milk-based dessert that went out of fashion in the mid-20th century.\n', 'clotted cream has been described as having a ""nutty, cooked milk"" flavour, and a ""rich sweet flavour"" with a texture that is grainy, sometimes with oily globules on the crusted surface']",5
Cream cheese,bread,"['bagel', 'sandwich', 'schmear', 'spread']","['some of its ingredients include cream (to adjust milk fat content), salt, nitrogen (to improve spreadability) and several gelling, thickening, stabilizing, and emulsifying ingredients such as xanthan gum or gelatin, to a maximum of 0.5%', 'cream cheese is common in the ashkenazi jewish cuisine of new york city, where it is known as a ""schmear""', 'it is the basis of the bagel and cream cheese, an open-faced sandwich']",4
Crème fraîche,cooking,['sauce'],"['it often is used to finish hot savory sauces, and with its fat content greater than 30%, curdling is not a problem', 'it is served over fruit and baked goods, as well as being added to soups and sauces', 'it is also the basis of many desserts and dessert sauces.\n']",3
Crème fraîche,dessert,['dessert'],['it is also the basis of many desserts and dessert sauces.\n'],1
Cuajada,bread,['spread'],"['a similar product named coalhada (portuguese for ""curdled"") is found mostly in brazil, and its consumption is widespread in northeastern brazil and rural areas in other regions, where traditional recipes are more common']",1
Cuajada,breakfast,['breakfast'],"['cuajada is usually served as dessert with honey and walnuts or sometimes sugar, and less often, for breakfast with fruit or honey']",1
Cuajada,dessert,"['dessert', 'sweet']","['cuajada is usually served as dessert with honey and walnuts or sometimes sugar, and less often, for breakfast with fruit or honey', 'it is usually eaten alone or with yuca flour, sweetened with sugar, honey or molasses.\n']",2
Dadiah,breakfast,['breakfast'],"['dadiah is usually eaten for breakfast, mixed together with ampiang (traditional glutinous rice krispies) and palm sugar']",1
Dadiah,dessert,"['pudding', 'sweet']","['in the malaysian version, the thickening agent is gelatin or agar-agar strands; it is not fermented and is usually sweetened with artificial flavourings such as corn, pandan, yam, chocolate, and strawberry, and is thus more akin to milk pudding.\n']",2
Dondurma,dessert,['ice cream'],"['outside turkey, it typically refers specifically to mastic ice cream, which is believed to originate from the city and region of kahramanmaraş and is known as maraş dondurma in turkish', 'dondurma is the turkish name for ice cream', 'vendors often perform magic tricks and practical jokes, with examples including presenting the ice cream cone on a long stick or pole, and then taking away the dondurma by rotating it around, or serving it with an extra cone that comes away from the actual cone when the stick is lifted', 'as of 2010, the average rate of consumption in turkey was 2.8 liters of ice cream per person per year (compared to the united states at 14.2 liters per person  and world consumption leader australia at 17.9 liters in 2010).\n', 'two qualities distinguish turkish ice cream: hard texture and resistance to melting, brought about by inclusion of the thickening agents salep, a flour made from the root of the early purple orchid, and mastic, a resin that imparts chewiness.\n']",5
Dulce de Leche,bread,"['spread', 'toast']","['dulce de leche can be eaten alone, but is more commonly used as a topping or filling for other sweet foods, such as cakes, churros, cookies (see alfajor), waffles, flan cakes (aka crème caramel (known as pudim among portuguese-speakers, and not to be confused with british pie-like variant of flan), fruits like bananas and candied figs, and ice creams; it is also a popular spread on crepes (panqueques), obleas (wafers), and toast.\n', 'the substance takes on a spreadable, sauce-like consistency and derives its rich flavour and colour from non-enzymatic browning']",3
Dulce de Leche,cooking,"['cooking', 'sauce']","['another method of preparation, similar to russian boiled condensed milk known as ""varyonaya sgushchyonka"" (ukrainian ""shushchene moloko""), involves using canned or boxed sweetened condensed milk and cooking it in a pressure cooker for 20 to 25 minutes for a light color and slightly soft consistency, or 40 to 45 minutes for a darker color and firmer consistency', 'the substance takes on a spreadable, sauce-like consistency and derives its rich flavour and colour from non-enzymatic browning', 'the cooking time is similar to the previous method (around 35 to 40 minutes)']",3
Dulce de Leche,dessert,"['cake', 'ice cream', 'sweet']","['in this method, different ingredients can also be added to the sweetened condensed milk, such as shredded coconut or peanuts', 'dulce de leche can be eaten alone, but is more commonly used as a topping or filling for other sweet foods, such as cakes, churros, cookies (see alfajor), waffles, flan cakes (aka crème caramel (known as pudim among portuguese-speakers, and not to be confused with british pie-like variant of flan), fruits like bananas and candied figs, and ice creams; it is also a popular spread on crepes (panqueques), obleas (wafers), and toast.\n', 'argentine politician rodolfo terragno attributed its origin to india, relating it to the sweet dish rabadi, made of yogurt.\n', 'spanish dulce de leche and portuguese doce de leite (portuguese: ) mean ""sweet  of milk""', 'another method of preparation, similar to russian boiled condensed milk known as ""varyonaya sgushchyonka"" (ukrainian ""shushchene moloko""), involves using canned or boxed sweetened condensed milk and cooking it in a pressure cooker for 20 to 25 minutes for a light color and slightly soft consistency, or 40 to 45 minutes for a darker color and firmer consistency', 'it is typically used to top or fill other sweet foods.\n']",8
Filmjölk,bread,['bread'],"['in the nordic countries, filmjölk is often eaten with breakfast cereal, muesli or crushed crisp bread on top']",1
Filmjölk,breakfast,"['breakfast', 'cereal']","['in the nordic countries, filmjölk is often eaten with breakfast cereal, muesli or crushed crisp bread on top']",2
Filmjölk,cooking,['sauce'],"['some people add sugar, jam, apple sauce, cinnamon, ginger, fruits, or berries for extra flavor']",1
Fromage frais,bread,"['bread', 'spread']","['it can be served either as a dessert, spread on bread, usually over or under jam, or used in savoury dishes']",2
Fromage frais,dessert,['dessert'],"['it can be served either as a dessert, spread on bread, usually over or under jam, or used in savoury dishes']",1
Frozen yogurt,dessert,"['dessert', 'ice cream', 'sweet']","['sugar (beet or cane) provides 15–17% of the yogurt ingredients; in addition to adding sweetness, it increases the volume of solid ingredients, improving body and texture', 'frozen yogurt can be made in a soft serve freezer much the same way as soft ice cream', 'frozen yogurt consists of milk solids, a sweetener, milk fat, yogurt culture (commonly lactobacillus bulgaricus and streptococcus thermophilus), plus flavorings and sometimes coloring (natural or artificial).\n', 'milk solids account for 8–14% of the yogurt volume, providing lactose for sweetness and proteins for smoothness and increased resistance to melting', 'the american frozen dessert chain pinkberry is credited for allowing people to customize their frozen yogurt with toppings, while another chain, 16 handles is credited for introducing multi-choice self-service machines.\n', 'some companies offer a more tart version considered closer to the original recipe, whereas others focus on making their own taste more like ice cream.\n', 'sweeteners, flavorings, and colorings are then mixed in, and the yogurt mixture is cooled at a temperature of −6 to −2\xa0°c (28\xa0°f)', 'usually more tart than ice cream (the tanginess in part due to the lactic acid in the yogurt), as well as lower in fat (due to the use of milk instead of cream), it is different from ice milk and conventional soft serve', 'frozen yogurt (also known as frogurt or by the tradename froyo; /ˈfroʊjoʊ/) is a frozen dessert made with yogurt and sometimes other dairy and non-dairy products', 'frozen yogurt is a frozen product containing the same basic ingredients as ice cream, but contains live bacterial cultures.\n']",10
Gelato,dessert,"['custard', 'dessert', 'gelato', 'ice cream', 'pastry', 'sweet']","['gelato typically contains 35% air (substantially less than american-style ice cream) and more flavoring than other types of frozen desserts, giving it an intense flavor with creamy, smooth texture, density and richness that distinguishes it from other ice creams.\n', 'stracciatella is fior di latte gelato with chocolate chunks', 'in italian, gelato is the common word for all types of ice cream', 'the original fior di latte is a plain, base ice cream with no flavor and no eggs added', 'cosimo ruggeri and bernardo buontalenti were 16th-century contemporaries who are credited by some sources with the invention of gelato, while other sources claims that sicilian cooks gradually modified the sherbet recipe over time, giving birth to the earliest form of gelato.\n', ""in the 1530s, catherine de' medici took gelato to paris.\n"", 'the mixed gelato is then batched in the freezer.\n', ""traditional flavors of gelato include crema ('custard'), vanilla, chocolate, hazelnut, almond, and pistachio"", 'commercial gelati are often sweetened with inverted sugar, sucrose, dextrose or xylitol, and may include a stabilizer such as guar gum.\n', 'in 1945, in bologna, emilia-romagna, bruto carpigiani began selling gelato-making equipment, and created motogelatiera, the first automated gelato machine', ""gelato (italian: ; lit.\u2009'frozen') refers to a specific type of ice cream of italian origin"", 'carpigiani is a big manufacturer of gelato machinery.\n', 'the largest ice cream cone in the world was created in 2011 in rimini, emilia-romagna, during the 32nd edition of the international exhibition of handcrafted gelato, pastry, and bakery', 'in english, however, the term has come to be used to refer to a specific style of ice cream derived from the italian artisanal tradition.\n', 'this creates smaller ice crystals and results in the smooth texture of gelato', 'as with other ice creams, the sugar in gelato prevents it from freezing solid by binding to the water and interfering with the normal formation of ice crystals', ""in italian, gelato means simply 'frozen' and is the generic word for any type or style of ice cream"", 'the batch freezer made it easier to store frozen desserts', 'procopio obtained french citizenship, and a royal license from louis xiv, making him the sole producer of the frozen dessert in the kingdom', 'the process of making gelato is complex, starting with a custard base, mixed with milk and sugar, heating the ingredients to 85\xa0°c (185\xa0°f) for pasteurization', 'being one of the first to sell gelato directly to the public (prior to then it was reserved only for nobles), and making it known in the rest of europe, procopio is sometimes referred to as ""the father of italian gelato"".\n', 'artisanal gelato in italy generally contains 6–9% butterfat, which is lower than other styles of frozen dessert', ""in 1686, francesco procopio dei coltelli, a sicilian, brought his grandfather francesco's gelato-making machine to paris, opened café procope and introduced the dessert""]",35
Gomme,bread,"['bread', 'spread']","['it can be used as a cheese spread on slices of bread, lefse, or waffles', 'gomme (norwegian pronunciation: ) is a traditional norwegian dish usually served as a spread or a dessert']",3
Gomme,breakfast,['porridge'],['there also exists a porridge-like variant made of boiled milk with oat grain or rice'],1
Gomme,dessert,"['cake', 'dessert', 'sweet']","['gomme is commonly a form of sweet cheese made of long-boiled milk and having a yellow or brown colour', 'gomme has long traditions in several places in the country and was largely used as a party food when cakes were served, for example at christmas.\n', 'it can be served as a dessert with vanilla, cardamom, raisins, and cinnamon as added ingredients in most variants', 'gomme (norwegian pronunciation: ) is a traditional norwegian dish usually served as a spread or a dessert']",4
Haymilk,breakfast,['cereal'],"['for a maximum of 25%, also cereal crops (wheat, oats, rye, etc.) and beans, field peas, lupins, and oleaginous fruits']",1
Junnu,dessert,"['dessert', 'pudding']","['kharvas, also known as junnu, or ginnu, is an indian milk pudding made from cow or buffalo colostrum, the first form of milk produced within one or two days of giving birth', 'this dessert-related article is a stub']",2
Kalvdans,dessert,"['cake', 'dessert', 'pudding']","['in england colostrum milk, or beestings as it is called locally, was traditionally used for puddings', 'in iceland, a pudding called ábrystir is made out of colostrum milk', 'in india kharvas is a dessert made out of colostrum milk from buffaloes', 'similar desserts like kalvdans exists in other countries', 'thus the dessert gets a pudding-like consistency.\n', ""kalvdans (lit.\u2009'calf dance') is a classical scandinavian dessert"", 'the name kalvdans refers to the jiggly pudding-like consistency of the dessert', 'a related dessert is råmjölkspannkaka (raw-milk pancake)', 'in preparing the dessert, the colostrum milk is mixed with water and cautiously heated']",12
"Kashk, aaruul, chortan, qurut",bread,"['bread', 'spread']","['in lebanese cuisine, kishk is commonly used to this day, mixed with tomato paste, as a topping for manakish, a sort of flatbread cooked in an open oven and eaten for breakfast or a lunch', 'there are three main kinds of food products with this name: foods based on curdled milk products like yogurt or cheese; foods based on barley broth, bread, or flour; and foods based on cereals combined with curdled milk.\n', 'when fermentation is complete the kishk is spread on a clean cloth to dry, notably on the rooftops of rural dwellings']",3
"Kashk, aaruul, chortan, qurut",breakfast,"['breakfast', 'cereal', 'morning', 'porridge']","['in lebanon, jordan, arabian peninsula, and syria, kishk is a powdery cereal of burghul (cracked wheat) fermented with milk and laban (yogurt), usually from goat milk', 'there are three main kinds of food products with this name: foods based on curdled milk products like yogurt or cheese; foods based on barley broth, bread, or flour; and foods based on cereals combined with curdled milk.\n', 'each morning the mixture is thoroughly kneaded with the hands', 'the softened wheat forms a porridge-like consistency, which is then dried, crushed, and reintroduced to the fermentation process before being shaped into pieces and sun-dried on reed mats or inside clay rooms.\n', 'in lebanese cuisine, kishk is commonly used to this day, mixed with tomato paste, as a topping for manakish, a sort of flatbread cooked in an open oven and eaten for breakfast or a lunch', 'the ancient form of kashk is a porridge of grains fermented with whey and dried in the sun']",6
"Kashk, aaruul, chortan, qurut",cooking,"['cooking', 'sauce']","['it is available as a liquid or in a dried form, which needs to be soaked and softened before it can be used in cooking', 'in western parts of azerbaijan boiled flat dough is layered with a qurut white sauce and chicken to make azerbaijani xəngəl.\n']",2
"Kashk, aaruul, chortan, qurut",dessert,['sweet'],['it can be generally categorized into sweetened or unsweetened aaruul'],1
Kaymak,bread,"['bread', 'spread']","['in serbia, it is stuffed inside a chicken or other meat cutlet, breaded, and fried into a dish called karađorđeva šnicla, similar to a stuffed schnitzel.\n', 'in afghanistan, qaimak or qaymaq is thinner and is eaten for breakfast meals usually with bread', 'it can be spread on pastries or added to milk tea', 'it is typically eaten with georgian cheese and/or bread, and is only rarely served in restaurants.\n', 'kaïmaki (καϊμάκι) is a soft cream cheese that can be spread on bread or used in cooking as a filling in food and for desserts', 'the simplest recipe is lepinja s kajmakom (pita bread filled with kajmak), consumed for breakfast or as fast food.\n', 'it is often served with honey, bread, or fruit, especially at breakfast or during special occasions.\nit is also used for desserts, like with gata (food), kadaif, or baklava, but some eat it freshly', 'the most popular way is to spread it on an iraqi pastry bread called kahi and cover it with date honey', 'iraqis tend to serve geymar for breakfast with bread, honey or jam']",11
Kaymak,breakfast,"['breakfast', 'morning']","['qeymar on kahi with date syrup or honey is a long-standing traditional breakfast in baghdad and throughout southern and northern iraq.\n', 'in afghanistan, qaimak or qaymaq is thinner and is eaten for breakfast meals usually with bread', 'kaymak is mainly consumed today for breakfast along with the traditional turkish breakfast', 'kajmak is usually enjoyed as an appetizer or for saturday morning breakfast (as saturdays are market days when the best kajmak can be bought), and also as a condiment', 'the simplest recipe is lepinja s kajmakom (pita bread filled with kajmak), consumed for breakfast or as fast food.\n', 'it is often served with honey, bread, or fruit, especially at breakfast or during special occasions.\nit is also used for desserts, like with gata (food), kadaif, or baklava, but some eat it freshly', 'iraqis tend to serve geymar for breakfast with bread, honey or jam']",8
Kaymak,cooking,['cooking'],['kaïmaki (καϊμάκι) is a soft cream cheese that can be spread on bread or used in cooking as a filling in food and for desserts'],1
Kaymak,dessert,"['cake', 'dessert', 'ice cream', 'pastries', 'pastry']","['kaymak is traditionally eaten with baklava and other turkish desserts, fruit preserve and honey (bal kaymak) or as a filling in pancakes.\n', 'it can be spread on pastries or added to milk tea', 'kaïmaki (καϊμάκι) is a soft cream cheese that can be spread on bread or used in cooking as a filling in food and for desserts', 'kaïmaki can also be found as a chewy ice cream that is flavoured with mastic.\n', 'it is often served with honey, bread, or fruit, especially at breakfast or during special occasions.\nit is also used for desserts, like with gata (food), kadaif, or baklava, but some eat it freshly', 'the most popular way is to spread it on an iraqi pastry bread called kahi and cover it with date honey', 'it can also be used as a filling for pancakes.\n']",8
Kaymak,snack,['appetizer'],"['kajmak is usually enjoyed as an appetizer or for saturday morning breakfast (as saturdays are market days when the best kajmak can be bought), and also as a condiment']",1
Kefir,bread,['spread'],"['kefir spread from the former soviet union to the rest of europe, canada, japan, and the united states by the early 21st century', 'the word kefir, which is of north caucasian origin, became an international word, having originally spread to russia, central european and eastern european countries at least by 1884.\n']",2
Kefir,breakfast,"['breakfast', 'cereal', 'granola']","['in estonia, kefir is also often mixed with kama and eaten as a snack or a quick breakfast.\n', 'kefir is a common breakfast, lunch or dinner drink consumed in countries of west asia and eastern europe', 'kefir may be used in place of milk on cereal, granola, milkshakes, salad dressing, ice cream, smoothies and soup.\n']",4
Kefir,dessert,"['ice cream', 'pastries']","['kefir is consumed at any time of the day, such as alongside european pastries like zelnik (zeljanica), burek and banitsa/gibanica, and is an ingredient in cold soups.\n', 'kefir may be used in place of milk on cereal, granola, milkshakes, salad dressing, ice cream, smoothies and soup.\n']",2
Kefir,snack,['snack'],"['in estonia, kefir is also often mixed with kama and eaten as a snack or a quick breakfast.\n']",1
Kumis,cooking,['sauce'],"['traditionally it is sipped out of small, handle-less, bowl-shaped cups or saucers, called piyala']",1
Kumis,dessert,['sweet'],"["" when they have got together a great quantity of milk, which is as sweet as cow's as long as it is fresh, they pour it into a big skin or bottle, and they set to churning it with a stick  and when they have beaten it sharply it begins to boil up like new wine and to sour or ferment, and they continue to churn it until they have extracted the butter""]",1
Lassi,dessert,['sweet'],"['meethi (sweet) lassi is made by adding cardamom, rosewater, and saffron to the yogurt-water mixture.\n']",1
Leben (labneh),breakfast,['breakfast'],"['leben can be served at breakfast, lunch, or dinner.\n']",1
Malai,dessert,['sweet'],"['malai is a major ingredient in malai kofta dumplings and in sweet dishes like malai pedha, ras malai and malai kulfi', 'it is used in the cuisine of the indian subcontinent, especially in sweets from the indian subcontinent']",2
Míša,dessert,"['dessert', 'ice cream']","['míšas have been made continuously since 1962, and sell over 12 million ice pops per year, making it the most successful ice cream brand in the czech republic', 'they are made with frozen quark, rather than ice cream or yogurt.\n', 'this dessert-related article is a stub']",3
Mozzarella,bread,"['bread', 'sandwich']","[""ovolini are about the size of a hen's egg, and may be served whole as part of a composed salad or sliced for topping a small sandwich such as a slider"", 'an earlier reference of monsignor alicandri is also often cited as describing mozzarella, which states that in the 12th century the monastery of san lorenzo, in capua, campania, alicandri offered pilgrims a piece of bread with mozza.\n']",2
Mozzarella,cooking,"['casserole', 'cooking', 'pasta']","['due to its high moisture content, it is traditionally served the day it is made, and food writer arthur schwartz describes that a neapolitan will not eat day-old mozzarella without further processing—frying or baking into a casserole or pasta', 'the curd mass is left until the ph is at around 5.2–5.5, which is the point when the cheese can be stretched and kneaded to produce a delicate consistency—this process is generally known as pasta filata', ""mozzarella is a semi-soft non-aged cheese prepared using the pasta filata ('stretched-curd') method"", 'mozzarella is used for most types of pizza and several pasta dishes or served with sliced tomatoes and basil in caprese salad.\n', 'perlene are the smallest commercially produced and are often added to salads or hot soups and pasta dishes just before serving', 'the international dictionary of food and cooking defines this cheese as ""a soft spun-curd cheese similar to mozzarella made from cow\'s milk"" that is ""sed particularly for pizzas and  contains somewhat less water than real mozzarella"".\n']",7
Mozzarella,snack,['appetiser'],"[""bocconcini ('small mouthful'), sometimes called uova di bufala ('buffalo eggs'), are approximately bite-sized; a common use is alternating them with cherry tomatoes on a skewer for an appetiser""]",1
Mursik,breakfast,['porridge'],"['another type is the fast fermenting, even type, which gives a white, porridge like consistency.\n']",1
Mursik,dessert,['sweet'],"['there are many causes of unusual milk flavour, including the effect of plain gourd walls, which impart a bittersweet tang, and the plainness of white ripened milk, the role of itet  is paramount']",1
Paneer,bread,"['bread', 'spread']","['it is sometimes wrapped in dough and deep-fried or served with either roti(indian bread)', 'in bengali, odia and other east indian cuisines, the chhena are beaten or kneaded by hand into a dough-like consistency, heavily salted and hardened to produce paneer (called ponir), which is typically eaten in slices at teatime with biscuits or various types of bread, deep-fried in a light batter or used in cooking.\n', 'another theory is that like the word itself, paneer originated in persianate lands and spread to the indian subcontinent under muslim rule', 'another theory states that paneer is afghan in origin and spread to india from the lands that make up afghanistan']",4
Paneer,cooking,['cooking'],"['in bengali, odia and other east indian cuisines, the chhena are beaten or kneaded by hand into a dough-like consistency, heavily salted and hardened to produce paneer (called ponir), which is typically eaten in slices at teatime with biscuits or various types of bread, deep-fried in a light batter or used in cooking.\n']",1
Paneer,dessert,['sweet'],"['in the second recipe, buffalo milk was coagulated with indian mallow (abutilon indicum) or country mallow (sida cordifolia) and was made into balls for sweets', 'lokopakara text dated to the 10th century gives two recipes for coagulated cheeses made from buffalo milk for making sweets using plants and roots', 'paneer dishes can be sweet, like shahi paneer, or spicy/hot, like chilli paneer.\n', 'manasollasa, a sanskrit-language text by the 12th-century king someshvara iii, describes kshiraprakara, a similar sweet food prepared from milk solids after separating boiled milk using buttermilk.\n']",4
Ricotta,bread,"['bread', 'spread']","['it is sometimes used as filling for tlacoyos and tacos dorados, and in the central west area (jalisco, michoacán, and colima) it is spread over tostadas or bolillos, or served as a side to beans', 'it is smeared on bread, mixed with tomato sauces for pasta, or added to vegetable dishes.\n']",2
Ricotta,cooking,"['cooking', 'gratin', 'pasta', 'sauce']","['regardless, irkotta is used in very similar ways to italian ricotta within maltese cooking, being a primary filling for savoury dishes like ravoli and pies, as well as sweet dishes such as cannoli and cakes', 'it also is used as a mayonnaise substitute in traditional egg or tuna salad and as a sauce thickener.\n', 'it can be salted or sweetened for cooking purposes', 'it is milky-white and firm, and is used as a table cheese or for grating or shaving over dishes, particularly pastas made fresh from water and flour', 'bronze cheese graters found in the graves of the etruscan elite prove that hard-grating cheeses were popular with the aristocracy', 'ricotta is also commonly used in savory dishes, including pasta, calzone, stromboli, pizza, manicotti, lasagne, and ravioli.\n', 'it is smeared on bread, mixed with tomato sauces for pasta, or added to vegetable dishes.\n']",9
Ricotta,dessert,"['cake', 'dessert', 'pastry', 'sweet']","['the increased production of rennet-coagulated cheese led to a large supply of sweet whey as a byproduct', 'regardless, irkotta is used in very similar ways to italian ricotta within maltese cooking, being a primary filling for savoury dishes like ravoli and pies, as well as sweet dishes such as cannoli and cakes', 'ricotta curds are creamy white in appearance, and slightly sweet in taste', 'like mascarpone in northern italian cuisine, ricotta is a favorite component of many italian desserts, such as cheesecakes and cannoli', 'ricotta can be beaten smooth and mixed with condiments, such as sugar, cinnamon, orange flower water, strawberries, and occasionally chocolate shavings, and served as a dessert', 'while both types are low in fat and sodium, the italian version is naturally sweet, while the american is a little saltier and moister.\n', 'it can be salted or sweetened for cooking purposes', ""this basic combination (often with additions such as citrus and pistachios) also features prominently as the filling of the sicilian cannoli and layered with slices of cake in palermo's cassata.\n"", 'it is also one of the two traditional fillings for pastizz, a local savoury pastry snack, with the other being mushy peas.\n']",11
Ricotta,snack,['snack'],"['it is also one of the two traditional fillings for pastizz, a local savoury pastry snack, with the other being mushy peas.\n']",1
Shrikhand,bread,['bread'],['it is often served as part of a thali (platter) or with puris (puffed deep-fried whole wheat bread)'],1
Shrikhand,breakfast,['morning'],"['since the strained yogurt became sour by morning, they mixed it with sugar to make it more palatable, leading to the creation of shrikhand.\n']",1
Shrikhand,dessert,"['dessert', 'sweet']","['shrikhand is a traditional sweet of the indian subcontinent made from strained yogurt', 'it is a traditional dessert in gujarati and marathi cuisine.\n']",2
Shrikhand,snack,['platter'],['it is often served as part of a thali (platter) or with puris (puffed deep-fried whole wheat bread)'],1
Skyr,bread,['bread'],"['this skyr (skjør in standard norwegian) might be eaten with bread, watered down and drunk, cooked in porridge, mixed with sour-cream to dip flatbread in, or cooked to split into curds such as in skjørost, gamalost or skjør-kjuke for eating and sour whey for drinking.\n']",1
Skyr,breakfast,"['breakfast', 'cereal', 'porridge']","['a traditional icelandic dish is made of roughly equal amounts of skyr and porridge', 'this skyr (skjør in standard norwegian) might be eaten with bread, watered down and drunk, cooked in porridge, mixed with sour-cream to dip flatbread in, or cooked to split into curds such as in skjørost, gamalost or skjør-kjuke for eating and sour whey for drinking.\n', 'skyr is often mixed with jam or fruit for a dessert, with prepared fish for dinner, or with cereals for breakfast']",4
Skyr,cooking,['cooking'],"['these are usually made without any cooking, but by adding culture to skimmed milk and leaving it to ferment']",1
Skyr,dessert,"['cake', 'dessert', 'sweet']","['contemporary uses include using skyr as a cheesecake topping and as an ingredient in milkshake or fruit smoothies.\n', 'skyr is often mixed with jam or fruit for a dessert, with prepared fish for dinner, or with cereals for breakfast', 'skyr has a slightly sour dairy flavor, with a hint of residual sweetness']",3
Skyr,snack,['snack'],"['the commercial distribution of skyr outside of iceland increased in the 2010s, with marketing as a low-sugar, no-fat, high-protein product consumed as a snack']",1
Smen,cooking,['cooking'],['smen is an important ingredient in middle eastern cuisine and north african cooking'],1
Smen,dessert,['sweet'],"['samneh baladieh is a core component of many sweets, like baklava and knafeh.\n']",1
Smetana,bread,"['bread', 'spread']","['smetana can be blended to a liptauer-like cheese spread with quark or cottage cheese, onions, paprika and other spices, and eaten with bread', 'under this name, this product has spread in most languages: in russia (смета́на, ""smetana""), ukraine (смета́на, ""smetana""), belarus (смята́на, ""smyatana / śmiatana""), finland (""smetana"" and ""crème fraîche""), german (""saure sahne"" and ""schmand""), slovenian (""kisla smetana""), polish (""śmietana""), bulgarian (заквасена сметана, ""zakvasena smetana""), slovak (""smotana""), czech (""zakysaná smetana""), and romanian (""smântână"").\n']",3
Smetana,cooking,"['casserole', 'cooking', 'sauce']","['it is widely used in cooking and baking.\n', 'it is used in the preparation of meat stews, such as beef stroganoff, vegetable stews, casseroles, or other dishes that require a long cooking time in the oven', 'smetana is often used in cooking, as it is high enough in fat not to curdle at higher temperatures', 'hungarian cooks use it as an ingredient in sauces such as paprikas, and in recipes such as palacsinta (crepes) filled with ham or minced meat (hortobágyi palacsinta)', 'its cooking properties are different from crème fraîche and sour cream sold in the us, which contain 18% butterfat', 'to imitate hungarian-style cooking and the use of smetana (called tejföl in hungarian), hungarian cookbooks recommend using western sour cream mixed with heavy whipping cream (38–40% milkfat)']",7
Smetana,dessert,"['cake', 'dessert', 'sweet', 'whipped']","['in some of the slavic languages (czech, slovak, slovenian) the sole word smetana refers to (sweet) cream', ""smântână's taste is tangy and sweet; soured smântână is considered spoiled.\n"", 'smetana is used in central, southeastern, and eastern european cuisines in appetizers, main courses, soups and desserts', 'schmand mit glumse (whipped cream with quark) is used in prussian and other germanic cuisines in savory dishes and also for cakes called schmandkuchen and desserts', 'smetana that has at least 30% fat is called smetana ke šlehání (whipping cream) and is used for the production of šlehačka (whipped cream).\n', 'it is also used as a filling in savoury pancakes', 'smântână is widely used in romanian cuisine, particularly in appetizers, main courses, soups and desserts', 'in central european countries such as the czech republic, hungary, and slovakia, smetana may refer to sweet cream or soured cream', 'it is served with dumplings (pelmeni, pierogi, varenyky), or with pancakes (bliny, palacsinta, naleśniki, oladyi, syrniki)']",11
Smetana,snack,['appetizer'],"['smântână is widely used in romanian cuisine, particularly in appetizers, main courses, soups and desserts', 'smetana is used in central, southeastern, and eastern european cuisines in appetizers, main courses, soups and desserts']",2
Soft serve,dessert,"['cake', 'dessert', 'ice cream']","['over memorial day weekend of 1934, tom carvel, the founder of the carvel brand and franchise, suffered a flat tire in his ice cream truck in hartsdale, new york', 'he pulled into a parking lot and began selling his melting ice cream to vacationers driving by', 'ice cream with higher air content has a creamier, smoother, and lighter texture and appears whiter', 'all ice cream must be frozen quickly to avoid crystal growth', 'soft serve, also known as soft ice, is a frozen dessert and variety of ice cream, similar to conventional ice cream, but softer and less dense due to more air being introduced during freezing', 'charles taylor of buffalo, ny, patented an automatic ice cream maker in 1926 that is reported to be the first soft-serve ice cream machine', 'in 1936, carvel opened his first store on the original broken down truck site and developed a secret soft-serve ice cream formula as well as patented super low temperature ice cream machines.\n', 'within two days, he had sold his entire supply of ice cream and concluded that both a fixed location and soft (as opposed to hard) frozen desserts were potentially good business ideas', 'in the 1960s, ice cream machine manufacturers introduced mechanized air pumps into vending machines, providing better aeration.\n', 'various terms are used for soft-serve ice cream depending on country and region:\n', 'ice cream and similar products must be frozen quickly to avoid crystal growth', 'soft serve is generally lower in milk-fat (3 to 6 percent) than conventional ice cream (10 to 18 percent) and is produced at a temperature of about −4\xa0°c (25\xa0°f), compared to conventional ice cream, which is stored at −15\xa0°c (5\xa0°f)', ""his taylor company continues to manufacture the mcdonald's ice cream machine.\n"", 'with less than 33 percent, the ice cream will not melt as quickly but the taste will be negatively affected.\n', ""thatcher's precise role at lyons is unclear, but she is reported to have worked on the quality of cake and pie fillings as well as ice-cream, and researched saponification.\n""]",17
Spaghettieis,cooking,['sauce'],"['besides the usual dish with strawberry sauce, one may also find variations like ice cream with dark chocolate and nuts, simulating spaghetti carbonara instead of spaghetti bolognese', 'it is then placed over whipped cream and topped with strawberry sauce (to simulate tomato sauce) and either coconut flakes, grated almonds, or white chocolate shavings to represent the parmesan cheese']",2
Spaghettieis,dessert,"['dessert', 'gelato', 'ice cream', 'whipped']","['in the dish, vanilla ice cream is extruded through a modified spätzle press or potato ricer, giving it the appearance of spaghetti', 'for many years, the dish was not well-known outside germany, and could only be found at some gelaterias and specialty ice cream parlors, special events, and hotels and restaurants around the world', 'it is then placed over whipped cream and topped with strawberry sauce (to simulate tomato sauce) and either coconut flakes, grated almonds, or white chocolate shavings to represent the parmesan cheese', ""fontanella's first attempt at spaghettieis did not impress his father; he used strawberry, lemon and pistachio gelato to create a colorful depiction of the italian flag"", ""after being informed that the dessert was made using a spätzle press, he wanted to try creating a similar dish using the gelato from his father's shop"", 'this german dessert–related article is a stub', 'after switching to vanilla gelato and topping it with a strawberry purée, he grated a white chocolate easter egg over top to resemble parmesan cheese', 'spaghettieis was created by second-generation ice cream shop owner dario fontanella in the late 1960s in mannheim, germany', 'besides the usual dish with strawberry sauce, one may also find variations like ice cream with dark chocolate and nuts, simulating spaghetti carbonara instead of spaghetti bolognese', 'spaghettieis (german pronunciation: ), or spaghetti ice cream, is an italo-german ice cream dish made to resemble a plate of spaghetti', 'fontanella recalls that initially, children who were served spaghettieis broke into tears because they wanted ice cream and not a plate of spaghetti']",12
Súrmjólk,dessert,['sweet'],"['raw milk that has not gone sour is sometimes referred to as ""sweet milk"", because it contains the sugar lactose and lacks lactic acid']",1
Sütlaç,dessert,"['cake', 'custard', 'dessert', 'pastry', 'pudding', 'sweet']","['this pudding does not taste like chicken but the shredded meat gives it a distinctive texture', 'george coleman de kay said the pudding ""owes its peculiar excellent flavour to the presence of the breasts of very young chickens, which are by some means so intimately blended and incorporated with the custard as to be scarcely distinguishable""', 'the earliest recipes, dating to the 10th century, featured three versions: milk thickened with ground rice, milk with rice grains and chicken, and an egg custard without rice', 'in the gaza strip, pudding layers flavored with sour plum jam or orange juice are added to it, like a parfait.\n', 'the pudding is flavored with rose or jasmine extract, and allowed to cool before it is sprinkled with powdered sugar.\n', 'selanik tatlısı, attributed to the kitchens of historic salonica, is made by thickening a basic stovetop muhallebi with eggs and baking it with a sweetened shortcrust pastry', 'early recipes for muhallabiyya include a work attributed to ibn sayyar al-warraq of baghdad and two 13th-century arab cookbooks, one by al-baghdadi and another from al andalus that have a spiced pudding variation made with mutton instead of chicken.\n', 'in syria, there is a variation of محلاية (""mahalayeh"") called بالوظة (""balouza"") that is the classic milk pudding but with a layer of orange jelly on top', 'muhallebi is used as a component of many traditional style desserts.\n', 'while the dessert is called muhallebi in iran, iraq and syria, in other countries in the region (turkey, lebanon, jordan, egypt, palestine, and israel) it is called malabi, mahalabiyeh or mehalabiya.\n', 'the finished pudding is served upside down with the caramelized side on top', 'muhallebi (persian: مهلبی or محالبی; arabic: مهلبية; hebrew: מלבי) is a milk pudding commonly made with rice, sugar, milk and either rice flour, starch or semolina, popular as a dessert in  the middle east', 'it is also eaten at turkish jewish weddings to symbolize the sweet life that lies ahead', 'kazandibi is the variation of classic tavuk göğsü where a thin layer of pudding is caramelized before the custard is poured over it and allowed to set', 'tamriyeh\xa0 is a palestinian dessert from the city of nablus, made from a filling of balouza (semolina pudding flavored with rose water) which is then wrapped in a thin sheet of dough, and then fried and topped with powdered sugar and nuts.\n', 'knafeh pastry (kadayif) is a popular topping for muhallebi.\n', 'also available at the muhallebici shops of istanbul are the almond based keşkül, noah\'s pudding, and baked rice pudding called ""fırın sütlaç"" or ""fırında sütlaç"".\n', 'the dessert is soaked in simple syrup before serving', 'sephardim serve it on the festival of shavuot when it is customary to eat dairy food, but according to food historian gil marks, the real reason is that the holiday is known in this community as the ""feast of roses"" and the dessert has a distinct rosy aroma.\n', 'one 19th-century, english cookbook that gives a recipe for muhallebi calls it ""ramazan cakes""', ""according to khay al-din's 1981 comparative encyclopedia of aleppo, bālūẓah refers to sweet cornstarch pudding.\n""]",27
Tzatziki,bread,"['bread', 'sandwich', 'spread']","['in this style, sometimes dried bread chips, chopped nuts or raisins are put in the dish just before serving.\n', 'it is served as a cold appetiser (meze), a side dish, and as a sauce for souvlaki and gyros sandwiches and other foods.\n', 'local variations may replace yogurt with water and vinegar, omit nuts or dill, or add bread', 'greek-style tzatziki sauce is commonly served as a meze, to be eaten with pita bread, olives, fried eggplant, zucchini, or other vegetables', 'tzatziki and similar yogurt-based dishes trace their origins to the central asian yogurt culture, which spread to anatolia, the balkans, and the middle east through turkic migrations']",5
Tzatziki,cooking,"['cooking', 'sauce']","['persian zhazh (ژاژ) refers to various herbs used for cooking, and kurdish jaj or ژاژ refers to the caraway herb', 'tzatziki (greek: τζατζίκι ), also known as cacık (turkish: ) or tarator, is a class of dip, soup, or sauce found in the cuisines of southeastern europe and west asia', 'it is served as a cold appetiser (meze), a side dish, and as a sauce for souvlaki and gyros sandwiches and other foods.\n', 'the first use of this word in the sense of sauce was in the book seyehatname by the turkish traveler evliya çelebi.\n', 'greek-style tzatziki sauce is commonly served as a meze, to be eaten with pita bread, olives, fried eggplant, zucchini, or other vegetables', 'it has acquired the meaning of a type of sauce in turkish', 'turks had consumed yogurt since ancient times and introduced yogurt-based cold soups and sauces to anatolia.\n', 'according to sevan nişanyan, the name tarator (sauce) comes into turkish directly from the venetian word ""trattor""']",8
Tzatziki,dessert,['sweet'],"['mizeria is a polish dish of sliced cucumbers mixed with sour cream or another fermented milk product, often herbs (such as dill or chives) and seasonings, which is commonly served as a savoury or sweet side salad with typical dinner dishes.\n']",1
Tzatziki,snack,['appetiser'],"['it is served as a cold appetiser (meze), a side dish, and as a sauce for souvlaki and gyros sandwiches and other foods.\n', 'in bulgaria, tarator is a popular meze (appetiser), but is also served as a side dish along with shopska salad with some meals', 'a thicker variation is sometimes known as ""dry tarator"", or as snezhanka salad, which means \'snow white salad\', and is served as an appetiser or side dish']",3
Uunijuusto,dessert,['dessert'],"['uunijuusto is sometimes eaten for dessert with berries (often cloudberries) or jam or mehukeitto, a soup made from fresh berries such as lingonberries or redcurrants.\n', 'this dessert-related article is a stub']",2
Vla,dessert,"['cake', 'custard']",['the word vla was first documented in the 13th century and originally referred to any custard-like substance covering cakes or other baked goods'],2
Yakult,dessert,['sweet'],"['yakult (ヤクルト, yakuruto) is a japanese sweetened probiotic milk beverage fermented with the bacteria strain lacticaseibacillus casei shirota']",1
Ymer,bread,"['bread', 'toast']","[""for breakfast, it may be served topped with ymerdrys (lit.\u2009'ymer sprinkle'), a mix of lightly toasted rugbrød breadcrumbs and brown sugar.\n""]",2
Ymer,breakfast,['breakfast'],"['it is mostly eaten for breakfasts or as a snack, but is also used as an alternative to yogurt, in desserts, dressings, and baking', ""for breakfast, it may be served topped with ymerdrys (lit.\u2009'ymer sprinkle'), a mix of lightly toasted rugbrød breadcrumbs and brown sugar.\n"", 'ymer began production in the 1930s, and is today eaten for breakfast, added in desserts, and used as an alternative to yogurt']",3
Ymer,dessert,"['dessert', 'sweet']","['it is mostly eaten for breakfasts or as a snack, but is also used as an alternative to yogurt, in desserts, dressings, and baking', 'ymer is mixed with sugar, gelatin, and cream to create the desert ymerfromage (fromage meaning dessert cream in danish).\n', 'ymer is typically sold unflavoured and unsweetened', 'ymer began production in the 1930s, and is today eaten for breakfast, added in desserts, and used as an alternative to yogurt']",4
Ymer,snack,['snack'],"['it is mostly eaten for breakfasts or as a snack, but is also used as an alternative to yogurt, in desserts, dressings, and baking']",1
